{
  "hash": "ebf9a8bb",
  "configHash": "5ece8434",
  "lockfileHash": "700e4847",
  "browserHash": "f1c302a3",
  "optimized": {
    "@angular/common": {
      "src": "../../../../../../node_modules/@angular/common/fesm2022/common.mjs",
      "file": "@angular_common.js",
      "fileHash": "2070ceaf",
      "needsInterop": false
    },
    "@angular/core": {
      "src": "../../../../../../node_modules/@angular/core/fesm2022/core.mjs",
      "file": "@angular_core.js",
      "fileHash": "155ea772",
      "needsInterop": false
    },
    "@angular/platform-browser": {
      "src": "../../../../../../node_modules/@angular/platform-browser/fesm2022/platform-browser.mjs",
      "file": "@angular_platform-browser.js",
      "fileHash": "d425eecd",
      "needsInterop": false
    },
    "@angular/router": {
      "src": "../../../../../../node_modules/@angular/router/fesm2022/router.mjs",
      "file": "@angular_router.js",
      "fileHash": "8cdb05b6",
      "needsInterop": false
    },
    "@angular/cdk/overlay": {
      "src": "../../../../../../node_modules/@angular/cdk/fesm2022/overlay.mjs",
      "file": "@angular_cdk_overlay.js",
      "fileHash": "94bdf932",
      "needsInterop": false
    },
    "@fortawesome/angular-fontawesome": {
      "src": "../../../../../../node_modules/@fortawesome/angular-fontawesome/fesm2022/angular-fontawesome.mjs",
      "file": "@fortawesome_angular-fontawesome.js",
      "fileHash": "b9129adc",
      "needsInterop": false
    },
    "@fortawesome/free-solid-svg-icons": {
      "src": "../../../../../../node_modules/@fortawesome/free-solid-svg-icons/index.mjs",
      "file": "@fortawesome_free-solid-svg-icons.js",
      "fileHash": "5d27f6ba",
      "needsInterop": false
    },
    "@fortawesome/free-brands-svg-icons": {
      "src": "../../../../../../node_modules/@fortawesome/free-brands-svg-icons/index.mjs",
      "file": "@fortawesome_free-brands-svg-icons.js",
      "fileHash": "5b4f050a",
      "needsInterop": false
    },
    "@angular/cdk/accordion": {
      "src": "../../../../../../node_modules/@angular/cdk/fesm2022/accordion.mjs",
      "file": "@angular_cdk_accordion.js",
      "fileHash": "7b98c57f",
      "needsInterop": false
    },
    "@angular/cdk/drag-drop": {
      "src": "../../../../../../node_modules/@angular/cdk/fesm2022/drag-drop.mjs",
      "file": "@angular_cdk_drag-drop.js",
      "fileHash": "3b164bc1",
      "needsInterop": false
    },
    "@angular/cdk/dialog": {
      "src": "../../../../../../node_modules/@angular/cdk/fesm2022/dialog.mjs",
      "file": "@angular_cdk_dialog.js",
      "fileHash": "923f31d2",
      "needsInterop": false
    },
    "@angular/common/http": {
      "src": "../../../../../../node_modules/@angular/common/fesm2022/http.mjs",
      "file": "@angular_common_http.js",
      "fileHash": "a756c41c",
      "needsInterop": false
    },
    "@angular/cdk/scrolling": {
      "src": "../../../../../../node_modules/@angular/cdk/fesm2022/scrolling.mjs",
      "file": "@angular_cdk_scrolling.js",
      "fileHash": "edbec283",
      "needsInterop": false
    },
    "@angular/cdk/table": {
      "src": "../../../../../../node_modules/@angular/cdk/fesm2022/table.mjs",
      "file": "@angular_cdk_table.js",
      "fileHash": "aa5f5f7f",
      "needsInterop": false
    },
    "@angular/cdk/collections": {
      "src": "../../../../../../node_modules/@angular/cdk/fesm2022/collections.mjs",
      "file": "@angular_cdk_collections.js",
      "fileHash": "22815ee4",
      "needsInterop": false
    },
    "rxjs": {
      "src": "../../../../../../node_modules/rxjs/dist/esm5/index.js",
      "file": "rxjs.js",
      "fileHash": "0be29741",
      "needsInterop": false
    },
    "@angular/forms": {
      "src": "../../../../../../node_modules/@angular/forms/fesm2022/forms.mjs",
      "file": "@angular_forms.js",
      "fileHash": "7a0cd1a9",
      "needsInterop": false
    }
  },
  "chunks": {
    "chunk-SAUA4J44": {
      "file": "chunk-SAUA4J44.js"
    },
    "chunk-VRP6J5DF": {
      "file": "chunk-VRP6J5DF.js"
    },
    "chunk-ZF6WUZCF": {
      "file": "chunk-ZF6WUZCF.js"
    },
    "chunk-B3QIHBMC": {
      "file": "chunk-B3QIHBMC.js"
    },
    "chunk-TTHMUFPO": {
      "file": "chunk-TTHMUFPO.js"
    },
    "chunk-TD7HUOIJ": {
      "file": "chunk-TD7HUOIJ.js"
    },
    "chunk-G3H2BLXY": {
      "file": "chunk-G3H2BLXY.js"
    },
    "chunk-VMDIRWWV": {
      "file": "chunk-VMDIRWWV.js"
    },
    "chunk-UX4AYXHE": {
      "file": "chunk-UX4AYXHE.js"
    },
    "chunk-GM2YTKEO": {
      "file": "chunk-GM2YTKEO.js"
    },
    "chunk-WDMUDEB6": {
      "file": "chunk-WDMUDEB6.js"
    }
  }
}